company,period,revenue_cents,cogs_cents,opex_cents,operating_earnings_cents,external_revenue_cents,external_cogs_cents,external_opex_cents,budget_revenue_cents,weighted_pipeline_cents,logged_minutes,billable_minutes,billable_share,revenue_budget_variance
ALP,2026-04,8000000,3440000,2160000,2400000,8000000,3440000,2160000,9000000,3415000,90360,68040,0.7529880478087649,-0.1111111111111111
BRI,2026-04,9646650,4148060,2604596,2893994,9646650,4148060,2604596,10500000,3396218,90360,68040,0.7529880478087649,-0.08127142857142858
ALP,2026-05,8450000,3633500,2281500,2535000,8450000,3633500,2281500,9300000,3432500,90360,68760,0.7609561752988048,-0.0913978494623656
BRI,2026-05,10094175,4340495,2725427,3028253,10094175,4340495,2725427,10800000,3413622,90360,68760,0.7609561752988048,-0.06535416666666667
ALP,2026-06,8900000,3827000,2403000,2670000,8900000,3827000,2403000,9600000,3450000,90360,69480,0.7689243027888446,-0.07291666666666667
BRI,2026-06,10541700,4532931,2846259,3162510,10541700,4532931,2846259,11100000,3431025,90360,69480,0.7689243027888446,-0.050297297297297296
ALP,2026-07,9350000,4020500,2524500,2805000,9350000,4020500,2524500,9900000,3467500,90360,70200,0.7768924302788844,-0.05555555555555555
BRI,2026-07,10989225,4725367,2967091,3296767,10989225,4725367,2967091,11400000,3448429,90360,70200,0.7768924302788844,-0.036032894736842104
CED,2026-07,12316500,5296095,3325455,3694950,12316500,5296095,3325455,12900000,3349605,90360,70200,0.7768924302788844,-0.04523255813953488
ALP,2026-08,9800000,4214000,2646000,2940000,9800000,4214000,2646000,10200000,3485000,90360,70920,0.7848605577689243,-0.0392156862745098
BRI,2026-08,11436750,4917803,3087923,3431024,11436750,4917803,3087923,11700000,3465833,90360,70920,0.7848605577689243,-0.0225
CED,2026-08,12751200,5483016,3442824,3825360,12751200,5483016,3442824,13200000,3366510,90360,70920,0.7848605577689243,-0.034
ALP,2026-09,10330000,4407500,2767500,3155000,10250000,4407500,2767500,10500000,3502500,90360,71640,0.7928286852589641,-0.023809523809523808
BRI,2026-09,11884275,5110238,3288754,3485283,11884275,5110238,3208754,12000000,3483237,90360,71640,0.7928286852589641,-0.00964375
CED,2026-09,13185900,5669937,3560193,3955770,13185900,5669937,3560193,13500000,3383415,90360,71640,0.7928286852589641,-0.023266666666666668
